ensgene,baseMean,log2FoldChange,lfcSE,pvalue,padj,entrez,symbol,chr,start,end,strand,biotype,description
ENSG00000119669,11.457510894092072,1.8552802409038924,0.5194608419110115,5.911729688812043e-7,4.2087484659553917e-5,64207,IRF2BPL,14,77024543,77028699,-1,protein_coding,interferon regulatory factor 2 binding protein like [Source:HGNC Symbol;Acc:HGNC:14282]
ENSG00000092421,20.21327418677456,1.0472503893458112,0.3067653679045754,4.496535836149476e-5,0.0015310215768193731,57556,SEMA6A,5,116443616,116574934,-1,protein_coding,semaphorin 6A [Source:HGNC Symbol;Acc:HGNC:10738]
ENSG00000158864,5.047109591279744,-1.2675538301400668,0.5302032367268695,2.51865791343261e-4,0.005536628711458,4720,NDUFS2,1,161197104,161214395,1,protein_coding,NADH:ubiquinone oxidoreductase core subunit S2 [Source:HGNC Symbol;Acc:HGNC:7708]
ENSG00000197329,7.5354178088477735,2.041795954855085,0.7183147359852391,3.710327192039822e-6,1.889853647002397e-4,57162,PELI1,2,64092652,64144454,-1,protein_coding,pellino E3 ubiquitin protein ligase 1 [Source:HGNC Symbol;Acc:HGNC:8827]
ENSG00000135114,6.753664877471581,-2.005789020195426,0.639114936969792,1.635232884433541e-6,9.66484341601522e-5,8638,OASL,12,121019111,121039242,-1,protein_coding,2'-5'-oligoadenylate synthetase like [Source:HGNC Symbol;Acc:HGNC:8090]
ENSG00000185950,5.681353925021072,3.007223577400224,1.1478321701346799,8.040146401464125e-7,5.253467908181819e-5,8660,IRS2,13,109752698,109786568,-1,protein_coding,insulin receptor substrate 2 [Source:HGNC Symbol;Acc:HGNC:6126]
ENSG00000151632,52.23150846877401,3.8198772355784487,0.4487566232153452,6.82241242154109e-20,6.106059117279276e-17,1646,AKR1C2,10,4987400,5018031,-1,protein_coding,aldo-keto reductase family 1 member C2 [Source:HGNC Symbol;Acc:HGNC:385]
ENSG00000134107,30.45494064301468,1.5435802144170678,0.25572347166537085,1.281711451997603e-11,3.211968898705993e-9,8553,BHLHE40,3,4979116,4985323,1,protein_coding,basic helix-loop-helix family member e40 [Source:HGNC Symbol;Acc:HGNC:1046]
ENSG00000141279,17.68564315757232,1.0521741916369,0.31353528623479443,5.346821719945414e-5,0.0017723723849448684,9520,NPEPPS,17,47522942,47623276,1,protein_coding,aminopeptidase puromycin sensitive [Source:HGNC Symbol;Acc:HGNC:7900]
ENSG00000164543,8.992917167981503,2.00091955773975,0.5967008661187545,7.976271429647452e-7,5.253467908181819e-5,9263,STK17A,7,43582758,43626786,1,protein_coding,serine/threonine kinase 17a [Source:HGNC Symbol;Acc:HGNC:11395]
ENSG00000165272,3.381340654083852,1.7233382582696641,1.0990345203001668,9.082487148886517e-5,0.002634341758693242,360,AQP3,9,33441154,33447611,-1,protein_coding,aquaporin 3 (Gill blood group) [Source:HGNC Symbol;Acc:HGNC:636]
ENSG00000141753,15.416632144146657,1.4652532840749908,0.37943537762709506,1.09830397440135e-6,6.860883545752364e-5,3487,IGFBP4,17,40443461,40457731,1,protein_coding,insulin like growth factor binding protein 4 [Source:HGNC Symbol;Acc:HGNC:5473]
ENSG00000148926,12.636729908821831,3.362569428681598,0.6407251968601407,9.430066688621133e-11,1.858603996768611e-8,133,ADM,11,10304680,10307397,1,protein_coding,adrenomedullin [Source:HGNC Symbol;Acc:HGNC:259]
ENSG00000128050,9.07870109123207,-1.0853182385322606,0.3513686772967259,1.0671513725749724e-4,0.0029255307143862645,10606,PAICS,4,56435741,56464579,1,protein_coding,phosphoribosylaminoimidazole carboxylase and phosphoribosylaminoimidazolesuccinocarboxamide synthase [Source:HGNC Symbol;Acc:HGNC:8587]
ENSG00000047457,8.79224592270865,2.1453979578461504,0.610462001748311,2.9865954317271297e-7,2.3684835923760085e-5,1356,CP,3,149162410,149222055,-1,protein_coding,ceruloplasmin [Source:HGNC Symbol;Acc:HGNC:2295]
ENSG00000099282,9.573228125343737,-1.0369732939524683,0.35434218017686525,2.1652435934156413e-4,0.004950821573995982,23555,TSPAN15,10,69451473,69507669,1,protein_coding,tetraspanin 15 [Source:HGNC Symbol;Acc:HGNC:23298]
ENSG00000079308,3.6512140346950948,1.7784500850902645,1.0444743542596084,7.548495635815606e-5,0.002295695396038096,7145,TNS1,2,217799789,218002995,-1,protein_coding,tensin 1 [Source:HGNC Symbol;Acc:HGNC:11973]
ENSG00000124766,19.50739300193905,1.1280596581116171,0.35057076280981986,5.809535409414447e-5,0.0018986194212883066,6659,SOX4,6,21592768,21598619,1,protein_coding,SRY-box 4 [Source:HGNC Symbol;Acc:HGNC:11200]
ENSG00000101236,7.375474666070087,2.47892971333785,0.8179470659125768,8.050006690909092e-7,5.253467908181819e-5,11237,RNF24,20,3927309,4015582,-1,protein_coding,ring finger protein 24 [Source:HGNC Symbol;Acc:HGNC:13779]
ENSG00000083312,16.38020175754493,1.2196758190708543,0.30892443337853037,2.6662887495319464e-6,1.440025777225659e-4,3842,TNPO1,5,72816312,72916733,1,protein_coding,transportin 1 [Source:HGNC Symbol;Acc:HGNC:6401]
ENSG00000117472,17.05666813938167,-1.4729588417172994,0.4044911175401444,2.439276305236712e-6,1.3523952258679645e-4,10103,TSPAN1,1,46175073,46185958,1,protein_coding,tetraspanin 1 [Source:HGNC Symbol;Acc:HGNC:20657]
ENSG00000118985,13.675869263192286,1.2964405390644256,0.3680652654797514,9.037765152218437e-6,3.987436526665388e-4,22936,ELL2,5,95885098,95962071,-1,protein_coding,elongation factor for RNA polymerase II 2 [Source:HGNC Symbol;Acc:HGNC:17064]
ENSG00000128585,9.283080734326633,1.2268670997974287,0.4744141359220763,2.0181701409376844e-4,0.004727460897454041,4289,MKLN1,7,131110096,131496636,1,protein_coding,muskelin 1 [Source:HGNC Symbol;Acc:HGNC:7109]
ENSG00000198431,81.33534425711576,1.165332013963505,0.3103897185020858,7.432671615860018e-6,0.00033989553046250373,7296,TXNRD1,12,104215779,104350305,1,protein_coding,thioredoxin reductase 1 [Source:HGNC Symbol;Acc:HGNC:12437]
ENSG00000148346,111.03053709415715,-1.3290358277679541,0.2396644329735136,6.779858471220018e-10,1.0618953330548354e-7,3934,LCN2,9,128149071,128153455,1,protein_coding,lipocalin 2 [Source:HGNC Symbol;Acc:HGNC:6526]
ENSG00000140961,3.9645437681254503,1.3601903468596175,0.8274799137009903,4.348773955964792e-4,0.00848756038446088,29948,OSGIN1,16,83948282,83966332,1,protein_coding,oxidative stress induced growth inhibitor 1 [Source:HGNC Symbol;Acc:HGNC:30093]
ENSG00000268104,5.482913865058976,-1.1463140620552965,0.47958251617661846,4.6603499865240696e-4,0.00886857085823003,11254,SLC6A14,X,116436622,116461458,1,protein_coding,solute carrier family 6 member 14 [Source:HGNC Symbol;Acc:HGNC:11047]
ENSG00000119946,2.056798290740765,1.3354585330411406,0.9641701385442136,4.4001764831786577e-4,0.008561212940097606,26507,CNNM1,10,99329099,99394330,1,protein_coding,cyclin and CBS domain divalent metal cation transport mediator 1 [Source:HGNC Symbol;Acc:HGNC:102]
ENSG00000106070,18.008319212372285,1.4260842338587791,0.3303569365378049,2.010438931840904e-7,1.6572894615767452e-5,2887,GRB10,7,50590063,50793462,-1,protein_coding,growth factor receptor bound protein 10 [Source:HGNC Symbol;Acc:HGNC:4564]
ENSG00000261150,7.012667379604338,1.279888687356304,0.6728040226025953,5.220163024271397e-4,0.009562667060543947,83481,EPPK1,8,143857324,143878464,-1,protein_coding,epiplakin 1 [Source:HGNC Symbol;Acc:HGNC:15577]
ENSG00000156976,67.53975425576101,1.3454971252427277,0.23365578583817653,1.8313956173742645e-10,3.187137095236046e-8,1974,EIF4A2,3,186783205,186789900,1,protein_coding,eukaryotic translation initiation factor 4A2 [Source:HGNC Symbol;Acc:HGNC:3284]
ENSG00000136603,12.533582123144848,1.5248063171221555,0.4288005968746796,2.5887273096637093e-6,1.410293616960273e-4,6498,SKIL,3,170357678,170396835,1,protein_coding,SKI like proto-oncogene [Source:HGNC Symbol;Acc:HGNC:10897]
ENSG00000001626,26.37890181792812,-2.0081110152575308,0.28002293702157016,8.048086960638063e-16,5.042126480839747e-13,1080,CFTR,7,117465784,117715971,1,protein_coding,cystic fibrosis transmembrane conductance regulator [Source:HGNC Symbol;Acc:HGNC:1884]
ENSG00000026025,50.09290477451323,1.0608951989871727,0.2756345191929539,8.52087923910253e-6,3.786050243473571e-4,7431,VIM,10,17228259,17237593,1,protein_coding,vimentin [Source:HGNC Symbol;Acc:HGNC:12692]
ENSG00000196730,17.244945446928785,1.3239217774262455,0.36237527142241305,4.907784116418617e-6,2.3835091077025296e-4,1612,DAPK1,9,87497228,87708633,1,protein_coding,death associated protein kinase 1 [Source:HGNC Symbol;Acc:HGNC:2674]
ENSG00000109929,11.38337800880106,1.3345460701697958,0.4224361077668512,2.4816120970443648e-5,9.597098634557375e-4,6309,SC5D,11,121292453,121308694,1,protein_coding,sterol-C5-desaturase [Source:HGNC Symbol;Acc:HGNC:10547]
ENSG00000122884,31.127966860406122,1.9087818788819333,0.2896502271660753,6.862031633512006e-14,3.306971398765594e-11,5033,P4HA1,10,73007217,73096974,-1,protein_coding,prolyl 4-hydroxylase subunit alpha 1 [Source:HGNC Symbol;Acc:HGNC:8546]
ENSG00000196323,5.584942049036769,1.491017762382475,0.6709879647120655,1.217834803210834e-4,0.0032192974861248416,29068,ZBTB44,11,130226677,130314686,-1,protein_coding,zinc finger and BTB domain containing 44 [Source:HGNC Symbol;Acc:HGNC:25001]
ENSG00000007306,5.211940963843761,-1.4805876162766765,0.6495827689236795,1.1445964874820706e-4,0.0030514455293936906,1087,CEACAM7,19,41673307,41706976,-1,protein_coding,carcinoembryonic antigen related cell adhesion molecule 7 [Source:HGNC Symbol;Acc:HGNC:1819]
ENSG00000134278,21.196919512431894,2.3976666976975882,0.4205445263236958,5.141255071935571e-12,1.4411989434481177e-9,56907,SPIRE1,18,12446512,12658134,-1,protein_coding,spire type actin nucleation factor 1 [Source:HGNC Symbol;Acc:HGNC:30622]
ENSG00000087152,12.538815743959942,1.0095599498614272,0.36431608435691343,3.7707867714120946e-4,0.007499675912030722,56970,ATXN7L3,17,44191805,44200113,-1,protein_coding,ataxin 7 like 3 [Source:HGNC Symbol;Acc:HGNC:25416]
ENSG00000137193,3.5737574399460077,1.5485658849351924,1.0190179897422773,1.847102176108085e-4,0.0044059591249563925,5292,PIM1,6,37170203,37175426,1,protein_coding,"Pim-1 proto-oncogene, serine/threonine kinase [Source:HGNC Symbol;Acc:HGNC:8986]"
ENSG00000100139,14.48195216120409,1.0722067042712398,0.3440900004904632,1.0470652178225458e-4,0.0028898077487481276,85377,MICALL1,22,37905657,37942822,1,protein_coding,MICAL like 1 [Source:HGNC Symbol;Acc:HGNC:29804]
ENSG00000177311,17.49511537511992,1.0772364199199542,0.36714858873473205,1.743734184165623e-4,0.0042507761337733955,253461,ZBTB38,3,141324213,141449792,1,protein_coding,zinc finger and BTB domain containing 38 [Source:HGNC Symbol;Acc:HGNC:26636]
ENSG00000001084,9.396267241754055,1.6412711735777592,0.49142019101740436,3.2147624490271916e-6,1.655798516740857e-4,2729,GCLC,6,53497341,53616970,-1,protein_coding,glutamate-cysteine ligase catalytic subunit [Source:HGNC Symbol;Acc:HGNC:4311]
ENSG00000089351,7.7039743395288935,1.1095904931132066,0.44677409067998203,4.6092624344086606e-4,0.008803972302308005,57655,GRAMD1A,19,34994784,35026471,1,protein_coding,GRAM domain containing 1A [Source:HGNC Symbol;Acc:HGNC:29305]
ENSG00000089280,10.547322890697961,-1.0546075787864195,0.34587722664349424,1.3946698516229534e-4,0.0035374925588736042,2521,FUS,16,31180110,31194871,1,protein_coding,FUS RNA binding protein [Source:HGNC Symbol;Acc:HGNC:4010]
ENSG00000105855,31.883486509966914,1.2216957419312215,0.27590369101496676,3.4034629424785466e-7,2.632431522793592e-5,3696,ITGB8,7,20330702,20415754,1,protein_coding,integrin subunit beta 8 [Source:HGNC Symbol;Acc:HGNC:6163]
ENSG00000053747,54.91119472095083,1.4043619488837313,0.27770061039120086,6.510115556495497e-9,7.695447917253639e-7,3909,LAMA3,18,23689443,23955066,1,protein_coding,laminin subunit alpha 3 [Source:HGNC Symbol;Acc:HGNC:6483]
ENSG00000205336,34.5308362938093,1.5613780211918316,0.26760564153457533,3.966659591885512e-11,9.204119386356568e-9,9289,ADGRG1,16,57610652,57665580,1,protein_coding,adhesion G protein-coupled receptor G1 [Source:HGNC Symbol;Acc:HGNC:4512]
ENSG00000158158,10.01437378420493,1.3507358158960567,0.42545584975376033,2.180514859238599e-5,8.635530549851845e-4,26504,CNNM4,2,96760902,96811891,1,protein_coding,cyclin and CBS domain divalent metal cation transport mediator 4 [Source:HGNC Symbol;Acc:HGNC:105]
ENSG00000129521,9.495517720230517,2.421939217813057,0.6189497240114482,3.686486750824721e-8,3.666006268875695e-6,112399,EGLN3,14,33924231,34462774,-1,protein_coding,egl-9 family hypoxia inducible factor 3 [Source:HGNC Symbol;Acc:HGNC:14661]
ENSG00000111412,15.255056558951116,2.0601670514235355,0.44656664450821276,3.4757215856398556e-9,4.355079146806739e-7,79794,C12orf49,12,116710185,116738070,-1,protein_coding,chromosome 12 open reading frame 49 [Source:HGNC Symbol;Acc:HGNC:26128]
ENSG00000100906,26.733516460253448,2.0206882019798442,0.4337200260670806,3.155362635181836e-9,4.0958108620896246e-7,4792,NFKBIA,14,35401511,35404749,-1,protein_coding,NFKB inhibitor alpha [Source:HGNC Symbol;Acc:HGNC:7797]
ENSG00000134294,44.33983658997462,2.605112945746386,0.4204230356622829,2.313580453014908e-13,9.663054358758933e-11,54407,SLC38A2,12,46358189,46372867,-1,protein_coding,solute carrier family 38 member 2 [Source:HGNC Symbol;Acc:HGNC:13448]
ENSG00000126522,2.263356068998843,-1.3401318697354037,0.8370838241765715,4.827173020526127e-4,0.00900066636118934,435,ASL,7,66075798,66093558,1,protein_coding,argininosuccinate lyase [Source:HGNC Symbol;Acc:HGNC:746]
ENSG00000163931,79.088085102149,1.4531778862474731,0.1950895401714635,1.2705818217708189e-15,7.236541012176527e-13,7086,TKT,3,53224707,53256052,-1,protein_coding,transketolase [Source:HGNC Symbol;Acc:HGNC:11834]
ENSG00000198931,7.604814283836733,-1.0736203331950867,0.3948523890241438,3.158339787818217e-4,0.00659566625689371,353,APRT,16,88809339,88811944,-1,protein_coding,adenine phosphoribosyltransferase [Source:HGNC Symbol;Acc:HGNC:626]
ENSG00000069399,12.166421908072367,1.1854038261050832,0.37331045170187077,4.992156184007802e-5,0.0016725058017544854,602,BCL3,19,44747705,44760044,1,protein_coding,B-cell CLL/lymphoma 3 [Source:HGNC Symbol;Acc:HGNC:998]
ENSG00000173376,4.798282947251243,1.5504902999320418,0.7535046089817788,1.2532409194489845e-4,0.0032818074116635816,79625,NDNF,4,121035613,121073021,-1,protein_coding,neuron derived neurotrophic factor [Source:HGNC Symbol;Acc:HGNC:26256]
ENSG00000164778,3.052627299618227,1.331017376101687,0.9226810018050093,4.802297796072623e-4,0.008981013639520889,2020,EN2,7,155458129,155464831,1,protein_coding,engrailed homeobox 2 [Source:HGNC Symbol;Acc:HGNC:3343]
ENSG00000100234,9.414664702009038,1.6097911098464524,0.6259810576441898,3.472407539657552e-5,0.0012722007740324304,7078,TIMP3,22,32801701,32863043,1,protein_coding,TIMP metallopeptidase inhibitor 3 [Source:HGNC Symbol;Acc:HGNC:11822]
ENSG00000121966,9.095183772920427,2.0261154420026952,0.7359937574887335,5.020247594198072e-6,2.4009046700496886e-4,7852,CXCR4,2,136114349,136118165,-1,protein_coding,C-X-C motif chemokine receptor 4 [Source:HGNC Symbol;Acc:HGNC:2561]
ENSG00000086696,13.845651155465733,2.2865837967498943,0.517528845712827,5.045448883429556e-9,6.078795625901187e-7,3294,HSD17B2,16,82035004,82098534,1,protein_coding,hydroxysteroid 17-beta dehydrogenase 2 [Source:HGNC Symbol;Acc:HGNC:5211]
ENSG00000196878,114.74809934402994,1.0434416557869661,0.25401856235336456,3.2243801922168325e-6,1.655798516740857e-4,3914,LAMB3,1,209614870,209652466,-1,protein_coding,laminin subunit beta 3 [Source:HGNC Symbol;Acc:HGNC:6490]
ENSG00000013275,13.699391159538306,-1.2011710335966386,0.3251328491866884,7.805196290826804e-6,3.517953580002153e-4,5704,PSMC4,19,39971005,39981441,1,protein_coding,"proteasome 26S subunit, ATPase 4 [Source:HGNC Symbol;Acc:HGNC:9551]"
ENSG00000004799,6.7536722647834,3.137815445510141,1.1361340637019497,4.741180770511448e-7,3.4945291208534376e-5,5166,PDK4,7,95583499,95596491,-1,protein_coding,pyruvate dehydrogenase kinase 4 [Source:HGNC Symbol;Acc:HGNC:8812]
ENSG00000121316,8.65169094575301,-1.3250942390303155,0.4410179860146952,4.130814985268437e-5,0.00143775310459482,79887,PLBD1,12,14503661,14568349,-1,protein_coding,phospholipase B domain containing 1 [Source:HGNC Symbol;Acc:HGNC:26215]
ENSG00000140688,6.583284222967667,-1.1017571602881144,0.4223997007859021,3.6041036888027607e-4,0.007237086413573492,64755,C16orf58,16,31489471,31509309,-1,protein_coding,chromosome 16 open reading frame 58 [Source:HGNC Symbol;Acc:HGNC:25848]
ENSG00000187134,72.96696959764886,3.6160911613835105,0.33941537202102784,8.245023785594316e-29,1.7218358005582798e-25,1645,AKR1C1,10,4963253,4983283,1,protein_coding,aldo-keto reductase family 1 member C1 [Source:HGNC Symbol;Acc:HGNC:384]
ENSG00000176407,11.179551150767011,1.4091066747645873,0.4140778919204373,7.764679299328875e-6,3.517953580002153e-4,56888,KCMF1,2,84971093,85059472,1,protein_coding,potassium channel modulatory factor 1 [Source:HGNC Symbol;Acc:HGNC:20589]
ENSG00000164171,38.68535441998948,1.7214312438210264,0.3481514047357936,2.484333406831222e-9,3.4587441763994683e-7,3673,ITGA2,5,52989326,53094779,1,protein_coding,integrin subunit alpha 2 [Source:HGNC Symbol;Acc:HGNC:6137]
ENSG00000168488,17.153766284679495,1.5626160381433585,0.3422658195715528,3.315408855555134e-8,3.405087947549658e-6,11273,ATXN2L,16,28823035,28837237,1,protein_coding,ataxin 2 like [Source:HGNC Symbol;Acc:HGNC:31326]
ENSG00000157514,8.212261561584008,1.37170236890331,0.611377151972907,2.0137322868307334e-4,0.004727460897454041,1831,TSC22D3,X,107713221,107777342,-1,protein_coding,TSC22 domain family member 3 [Source:HGNC Symbol;Acc:HGNC:3051]
ENSG00000168496,2.9840113776711497,-1.4725319828833017,0.7649611259009844,2.093545942134883e-4,0.0048398765046033364,2237,FEN1,11,61792637,61797244,1,protein_coding,flap structure-specific endonuclease 1 [Source:HGNC Symbol;Acc:HGNC:3650]
ENSG00000164949,9.531603994908098,1.2200182863513422,1.0121219236748833,5.356678681652759e-4,0.009699304029062003,2669,GEM,8,94249253,94262350,-1,protein_coding,GTP binding protein overexpressed in skeletal muscle [Source:HGNC Symbol;Acc:HGNC:4234]
ENSG00000179674,9.178032835988688,-2.044559645326293,0.5963804684825841,5.364461718012756e-7,3.863029041764358e-5,80117,ARL14,3,160677159,160678452,1,protein_coding,ADP ribosylation factor like GTPase 14 [Source:HGNC Symbol;Acc:HGNC:22974]
ENSG00000159200,15.781376807976816,1.5071526586659634,0.41361533890606383,2.0473864447648234e-6,1.1876737107825573e-4,1827,RCAN1,21,34513142,34615142,-1,protein_coding,regulator of calcineurin 1 [Source:HGNC Symbol;Acc:HGNC:3040]
ENSG00000116459,8.324446192488455,-1.2858101906895076,0.37368604494921026,1.2655035952500408e-5,5.430397276877744e-4,515,ATP5F1,1,111448864,111462773,1,protein_coding,"ATP synthase, H+ transporting, mitochondrial Fo complex subunit B1 [Source:HGNC Symbol;Acc:HGNC:840]"
ENSG00000069667,3.5918660845516466,1.461660579800641,0.975219800967921,2.689678461334034e-4,0.005871371275351123,6095,RORA,15,60488284,61229319,-1,protein_coding,RAR related orphan receptor A [Source:HGNC Symbol;Acc:HGNC:10258]
ENSG00000177383,4.7586469004419065,-1.448214887796924,0.5648381235015622,7.20727813006882e-5,0.002213411641415743,64110,MAGEF1,3,184710367,184712002,-1,protein_coding,MAGE family member F1 [Source:HGNC Symbol;Acc:HGNC:29639]
ENSG00000197930,44.190352345066685,1.3139196482720032,0.24030277160305524,1.130118680877042e-9,1.6857603656415874e-7,30001,ERO1A,14,52639916,52695900,-1,protein_coding,endoplasmic reticulum oxidoreductase 1 alpha [Source:HGNC Symbol;Acc:HGNC:13280]
ENSG00000175792,4.972972480042686,-1.6114894696730953,0.5662532327586646,1.6843883987245333e-5,6.972160033054827e-4,8607,RUVBL1,3,128064778,128153914,-1,protein_coding,RuvB like AAA ATPase 1 [Source:HGNC Symbol;Acc:HGNC:10474]
ENSG00000204264,6.333648057387706,-1.175618241953827,0.4422572313079766,2.2029927824451426e-4,0.0050006339789923256,5696,PSMB8,6,32840717,32844703,-1,protein_coding,proteasome subunit beta 8 [Source:HGNC Symbol;Acc:HGNC:9545]
ENSG00000167165,10.09569382080293,1.1658380002124096,0.414119058124114,1.553599839295208e-4,0.003877809957444015,54578,UGT1A6,2,233691607,233773300,1,protein_coding,UDP glucuronosyltransferase family 1 member A6 [Source:HGNC Symbol;Acc:HGNC:12538]
ENSG00000142627,20.834597047776388,1.2731348300776564,0.4723736867569169,1.2305776096354303e-4,0.0032393145900697358,1969,EPHA2,1,16124337,16156087,-1,protein_coding,EPH receptor A2 [Source:HGNC Symbol;Acc:HGNC:3386]
ENSG00000096717,4.714634788505947,1.261053056341222,0.6177457173947863,4.789157709465798e-4,0.008981013639520889,23411,SIRT1,10,67884669,67918390,1,protein_coding,sirtuin 1 [Source:HGNC Symbol;Acc:HGNC:14929]
ENSG00000174695,13.565392530192067,-1.1282853376877378,0.3038657015209915,1.0411502669477934e-5,4.539981884105171e-4,153339,TMEM167A,5,83052846,83077863,-1,protein_coding,transmembrane protein 167A [Source:HGNC Symbol;Acc:HGNC:28330]
ENSG00000134333,219.41271216008184,1.0135357923342785,0.18468137042070024,4.124767693566199e-9,5.06699403925338e-7,3939,LDHA,11,18394388,18408425,1,protein_coding,lactate dehydrogenase A [Source:HGNC Symbol;Acc:HGNC:6535]
ENSG00000177469,19.338289742381978,1.3103213272822385,0.42507159274989337,3.5361663690061766e-5,0.0012832658264239941,284119,CAVIN1,17,42402452,42423517,-1,protein_coding,caveolae associated protein 1 [Source:HGNC Symbol;Acc:HGNC:9688]
ENSG00000173599,8.09846036979455,1.2000132808344937,0.4467764228925868,1.8197593085295038e-4,0.004368119566259518,5091,PC,11,66848233,66958376,-1,protein_coding,pyruvate carboxylase [Source:HGNC Symbol;Acc:HGNC:8636]
ENSG00000179091,10.145240587341393,-1.1088287027096542,0.344320483245695,6.332807450362992e-5,0.0020037898321476843,1537,CYC1,8,144095027,144097525,1,protein_coding,cytochrome c1 [Source:HGNC Symbol;Acc:HGNC:2579]
ENSG00000113739,16.852168063779313,1.9584980729682062,0.453600446088691,1.9075378837880126e-8,2.025546583378288e-6,8614,STC2,5,173314713,173329503,-1,protein_coding,stanniocalcin 2 [Source:HGNC Symbol;Acc:HGNC:11374]
ENSG00000147535,4.229011893749904,-1.1720325566556347,0.5131176121190707,5.0294422616108e-4,0.00929482471061701,84513,PLPP5,8,38263130,38269243,-1,protein_coding,phospholipid phosphatase 5 [Source:HGNC Symbol;Acc:HGNC:25026]
ENSG00000135378,13.563064536195679,1.666880824788533,0.5300633469953303,5.4554458074628825e-6,2.550624476399624e-4,79056,PRRG4,11,32829943,32858123,1,protein_coding,proline rich and Gla domain 4 [Source:HGNC Symbol;Acc:HGNC:30799]
ENSG00000093000,17.881971216004736,1.7334776126105147,0.49548754025028813,1.2457857195119676e-6,7.504661089175458e-5,10762,NUP50,22,45163841,45188015,1,protein_coding,nucleoporin 50 [Source:HGNC Symbol;Acc:HGNC:8065]
ENSG00000104537,8.445609651598147,-2.0210984266966276,0.5560104199841264,2.664455621222679e-7,2.140104418841036e-5,312,ANXA13,8,123680794,123737407,-1,protein_coding,annexin A13 [Source:HGNC Symbol;Acc:HGNC:536]
ENSG00000131759,16.157980802753265,1.081948154267863,0.3174409322846859,3.8840743555263545e-5,0.0013747867704730287,5914,RARA,17,40309192,40357643,1,protein_coding,retinoic acid receptor alpha [Source:HGNC Symbol;Acc:HGNC:9864]
ENSG00000214049,52.62385304583021,1.468853195503827,0.23753266819845517,7.43722504183782e-12,1.9414256202964143e-9,652995,UCA1,19,15828961,15836320,1,processed_transcript,urothelial cancer associated 1 (non-protein coding) [Source:HGNC Symbol;Acc:HGNC:37126]
ENSG00000038382,15.051794754144252,1.205192881038863,0.4077122428053972,8.671358785617802e-5,0.002554406278303965,7204,TRIO,5,14143702,14532128,1,protein_coding,trio Rho guanine nucleotide exchange factor [Source:HGNC Symbol;Acc:HGNC:12303]
ENSG00000113742,6.964998808416331,2.033253040640435,0.8854839099451269,1.5228609448636474e-5,6.44643501322348e-4,80315,CPEB4,5,173888280,173961976,1,protein_coding,cytoplasmic polyadenylation element binding protein 4 [Source:HGNC Symbol;Acc:HGNC:21747]
ENSG00000121039,12.388368915393851,1.086542656235672,0.3784557339637239,1.9849439054575704e-4,0.004692707006676105,157506,RDH10,8,73294612,73325281,1,protein_coding,retinol dehydrogenase 10 [Source:HGNC Symbol;Acc:HGNC:19975]
ENSG00000102804,24.92803411764541,1.8370906275877175,0.336818945674714,9.93260062540284e-11,1.858603996768611e-8,8848,TSC22D1,13,44432143,44577147,-1,protein_coding,TSC22 domain family member 1 [Source:HGNC Symbol;Acc:HGNC:16826]
ENSG00000196428,6.625598790734038,1.3626066525791285,0.5827007658427542,1.7559153321614895e-4,0.004252008216406828,9819,TSC22D2,3,150408335,150466431,1,protein_coding,TSC22 domain family member 2 [Source:HGNC Symbol;Acc:HGNC:29095]
ENSG00000165507,11.02656293076508,1.4154740382007864,0.4034921006077782,5.233591674558533e-6,2.465297130910467e-4,11067,C10orf10,10,44970981,44978810,-1,protein_coding,chromosome 10 open reading frame 10 [Source:HGNC Symbol;Acc:HGNC:23355]
ENSG00000204390,2.8688679335857,1.3240803659166072,0.944161284730891,4.770326627795128e-4,0.008974803700641585,3305,HSPA1L,6,31809619,31815065,-1,protein_coding,heat shock protein family A (Hsp70) member 1 like [Source:HGNC Symbol;Acc:HGNC:5234]
ENSG00000164062,7.079646324050566,-1.2472872556971006,0.4141648824371191,5.9835430250008105e-5,0.0019323142810118597,327,APEH,3,49674002,49683963,1,protein_coding,acylaminoacyl-peptide hydrolase [Source:HGNC Symbol;Acc:HGNC:586]
ENSG00000244242,2.080761856112996,1.511543854781786,1.0223538237220307,2.1073463008168083e-4,0.00485386932890342,402778,IFITM10,11,1732410,1750591,-1,protein_coding,interferon induced transmembrane protein 10 [Source:HGNC Symbol;Acc:HGNC:40022]
ENSG00000101187,63.23405321907958,2.9552349860479623,0.3355943175144429,1.0637101327137624e-21,1.110690663575287e-18,28231,SLCO4A1,20,62642445,62685785,1,protein_coding,solute carrier organic anion transporter family member 4A1 [Source:HGNC Symbol;Acc:HGNC:10953]
ENSG00000168959,3.5029170958375433,-1.9504274452545456,0.8312990812218619,1.7476817970904626e-5,7.109887310890746e-4,2915,GRM5,11,88504576,89065945,-1,protein_coding,glutamate metabotropic receptor 5 [Source:HGNC Symbol;Acc:HGNC:4597]
ENSG00000113916,20.85698625872077,3.7490482326020658,0.6396278395278902,5.29091391848471e-12,1.4411989434481177e-9,604,BCL6,3,187721377,187745727,-1,protein_coding,B-cell CLL/lymphoma 6 [Source:HGNC Symbol;Acc:HGNC:1001]
ENSG00000106789,5.946543423153837,-1.2871574519176592,0.4737485154572588,1.0865189361452951e-4,0.0029255307143862645,7464,CORO2A,9,98120975,98192640,-1,protein_coding,coronin 2A [Source:HGNC Symbol;Acc:HGNC:2255]
ENSG00000035687,4.37297609350591,-1.2479441151542703,0.5543889064979961,3.635406583810092e-4,0.007276620526380263,159,ADSS,1,244408494,244452134,-1,protein_coding,adenylosuccinate synthase [Source:HGNC Symbol;Acc:HGNC:292]
ENSG00000149115,25.410533361612433,1.1655808747201135,0.3487837361831236,3.227373229378813e-5,0.00119641972083185,85456,TNKS1BP1,11,57299638,57324952,-1,protein_coding,tankyrase 1 binding protein 1 [Source:HGNC Symbol;Acc:HGNC:19081]
ENSG00000095303,4.399356457583065,1.5536582490951956,0.9909118153913702,1.8495885871724362e-4,0.0044059591249563925,5742,PTGS1,9,122370530,122395703,1,protein_coding,prostaglandin-endoperoxide synthase 1 [Source:HGNC Symbol;Acc:HGNC:9604]
ENSG00000113369,9.865230874201968,1.0941062163695154,0.3770717995479906,1.757813452592767e-4,0.004252008216406828,57561,ARRDC3,5,91368724,91383359,-1,protein_coding,arrestin domain containing 3 [Source:HGNC Symbol;Acc:HGNC:29263]
ENSG00000177156,17.869376816758074,-1.0470188928821371,0.3038455415175381,4.031402131586513e-5,0.001418917660358961,6888,TALDO1,11,747329,765024,1,protein_coding,transaldolase 1 [Source:HGNC Symbol;Acc:HGNC:11559]
ENSG00000100393,14.035666119201514,1.0291104285638615,0.3565410649689258,2.5152853300662174e-4,0.005536628711458,2033,EP300,22,41091786,41180079,1,protein_coding,E1A binding protein p300 [Source:HGNC Symbol;Acc:HGNC:3373]
ENSG00000164300,30.73692365617735,1.8709579611238631,0.33014637002398817,2.5715061586904686e-11,6.196340801613763e-9,256987,SERINC5,5,80111651,80256079,-1,protein_coding,serine incorporator 5 [Source:HGNC Symbol;Acc:HGNC:18825]
ENSG00000134013,2.552511121523634,1.6327192183941235,1.0479751682898293,1.3166898024685855e-4,0.0034087031456469788,4017,LOXL2,8,23297189,23425328,-1,protein_coding,lysyl oxidase like 2 [Source:HGNC Symbol;Acc:HGNC:6666]
ENSG00000074181,6.646842443863396,1.5805514246982049,0.5979463691050505,3.2909014348307874e-5,0.0012127939699538167,4854,NOTCH3,19,15159038,15200981,-1,protein_coding,notch 3 [Source:HGNC Symbol;Acc:HGNC:7883]
ENSG00000253719,6.991383871924733,-1.2099408880069689,0.4345225340921012,1.348352145137134e-4,0.003462059913641043,552889,ATXN7L3B,12,74537827,74545430,1,protein_coding,ataxin 7 like 3B [Source:HGNC Symbol;Acc:HGNC:37931]
ENSG00000144645,11.586764622174998,1.4408716242937858,0.3811053750594514,1.695006014136919e-6,9.924497830437193e-5,114884,OSBPL10,3,31657890,32077580,-1,protein_coding,oxysterol binding protein like 10 [Source:HGNC Symbol;Acc:HGNC:16395]
ENSG00000243927,7.290538723470428,1.5256021208392772,0.6634636225342773,9.045540127670222e-5,0.002634341758693242,64968,MRPS6,21,34073224,34143034,1,protein_coding,mitochondrial ribosomal protein S6 [Source:HGNC Symbol;Acc:HGNC:14051]
ENSG00000060237,16.66293374062109,1.1111756727869104,0.32741758448767877,3.543575226996823e-5,0.0012832658264239941,65125,WNK1,12,752593,911452,1,protein_coding,WNK lysine deficient protein kinase 1 [Source:HGNC Symbol;Acc:HGNC:14540]
ENSG00000131620,2.5733994403140663,-1.455702630644474,0.871875333365408,2.79892609925156e-4,0.0060290871825734345,55107,ANO1,11,70078302,70189528,1,protein_coding,anoctamin 1 [Source:HGNC Symbol;Acc:HGNC:21625]
ENSG00000115548,10.67215491250258,1.0826403837759835,0.39365806083525723,2.7891482969412385e-4,0.0060290871825734345,55818,KDM3A,2,86440647,86492716,1,protein_coding,lysine demethylase 3A [Source:HGNC Symbol;Acc:HGNC:20815]
ENSG00000074410,22.201173061973172,1.8997611482308525,0.35025966561482635,9.125191142580468e-11,1.858603996768611e-8,771,CA12,15,63321378,63382161,-1,protein_coding,carbonic anhydrase 12 [Source:HGNC Symbol;Acc:HGNC:1371]
ENSG00000164626,20.16062227899498,1.0625912188531499,0.26715683958907205,5.060143444666906e-6,2.4016514152150125e-4,8645,KCNK5,6,39188973,39229450,-1,protein_coding,potassium two pore domain channel subfamily K member 5 [Source:HGNC Symbol;Acc:HGNC:6280]
ENSG00000184156,7.666366368821801,1.4002562570002743,0.5131985811232475,6.049600365093967e-5,0.0019337115452711074,3786,KCNQ3,8,132120858,132481019,-1,protein_coding,potassium voltage-gated channel subfamily Q member 3 [Source:HGNC Symbol;Acc:HGNC:6297]
ENSG00000242515,8.640893434946191,1.446816238780151,0.4736451002985645,1.960189273432171e-5,7.84697647443693e-4,54575,UGT1A10,2,233636454,233773305,1,protein_coding,UDP glucuronosyltransferase family 1 member A10 [Source:HGNC Symbol;Acc:HGNC:12531]
ENSG00000146223,9.274594296022922,-1.2298510944475496,0.3671270752832829,2.2792806610137662e-5,8.869374746118785e-4,285855,RPL7L1,6,42879618,42889925,1,protein_coding,ribosomal protein L7 like 1 [Source:HGNC Symbol;Acc:HGNC:21370]
ENSG00000106665,13.40699276837077,1.212395655760962,0.41561087755902654,9.324180046057027e-5,0.0026650059630851587,7461,CLIP2,7,74289475,74405943,1,protein_coding,CAP-Gly domain containing linker protein 2 [Source:HGNC Symbol;Acc:HGNC:2586]
ENSG00000086548,21.624664389244124,-1.935300660134623,0.6971462791977558,6.166040596157943e-6,2.8404591422742285e-4,4680,CEACAM6,19,41750977,41772208,1,protein_coding,carcinoembryonic antigen related cell adhesion molecule 6 [Source:HGNC Symbol;Acc:HGNC:1818]
ENSG00000161395,76.97102465259763,-1.6286677889208452,0.16188845225459533,4.848183556438575e-26,6.074773996217535e-23,93210,PGAP3,17,39671122,39696797,-1,protein_coding,post-GPI attachment to proteins 3 [Source:HGNC Symbol;Acc:HGNC:23719]
ENSG00000185567,16.570290207905106,1.5985384892901848,0.39959125969134224,3.309610203659449e-7,2.5918384907408062e-5,113146,AHNAK2,14,104937244,104978357,-1,protein_coding,AHNAK nucleoprotein 2 [Source:HGNC Symbol;Acc:HGNC:20125]
ENSG00000072506,5.290962302821988,-1.4054706979034177,0.5675774596611554,1.0742484317397586e-4,0.0029255307143862645,3028,HSD17B10,X,53431258,53434373,-1,protein_coding,hydroxysteroid 17-beta dehydrogenase 10 [Source:HGNC Symbol;Acc:HGNC:4800]
ENSG00000146674,282.8005215367363,2.624309914436862,0.23682438230042496,6.921336608750594e-32,2.1681086926911236e-28,3486,IGFBP3,7,45912245,45921874,-1,protein_coding,insulin like growth factor binding protein 3 [Source:HGNC Symbol;Acc:HGNC:5472]
ENSG00000196620,5.2568067896968955,-1.5802675831004367,0.5566524450050458,1.9664410319019918e-5,7.84697647443693e-4,7366,UGT2B15,4,68646630,68670628,-1,protein_coding,UDP glucuronosyltransferase family 2 member B15 [Source:HGNC Symbol;Acc:HGNC:12546]
ENSG00000133477,7.632712385777467,1.31228453388755,0.4811350099013511,9.335185051265799e-5,0.0026650059630851587,113828,FAM83F,22,39994949,40043529,1,protein_coding,family with sequence similarity 83 member F [Source:HGNC Symbol;Acc:HGNC:25148]
ENSG00000110422,12.037586131960214,1.6117637636993658,0.4344545994007416,9.757659950629225e-7,6.302241194916711e-5,10114,HIPK3,11,33256672,33357023,1,protein_coding,homeodomain interacting protein kinase 3 [Source:HGNC Symbol;Acc:HGNC:4915]
ENSG00000273604,7.357065470375923,1.1603356203723874,0.46625061259354467,3.5224434212236455e-4,0.007141782535264123,100170841,EPOP,17,38671703,38675421,-1,protein_coding,elongin BC and polycomb repressive complex 2 associated protein [Source:HGNC Symbol;Acc:HGNC:34493]
ENSG00000173281,12.249336114480805,1.5871581192930553,0.3995819205180455,3.919779545214662e-7,2.9587251627433564e-5,79660,PPP1R3B,8,9136255,9151574,-1,protein_coding,protein phosphatase 1 regulatory subunit 3B [Source:HGNC Symbol;Acc:HGNC:14942]
ENSG00000099194,107.23657745827441,1.4523276988750744,0.2059830600751078,2.3809917428094288e-14,1.2430761057250893e-11,6319,SCD,10,100347124,100364834,1,protein_coding,stearoyl-CoA desaturase [Source:HGNC Symbol;Acc:HGNC:10571]
ENSG00000163814,22.850403942978023,1.0245071188779784,0.33243503299865346,1.4595617099809961e-4,0.003687158916544734,64866,CDCP1,3,45082278,45146422,-1,protein_coding,CUB domain containing protein 1 [Source:HGNC Symbol;Acc:HGNC:24357]
ENSG00000126368,11.442597882799225,1.2474945766196184,0.43188408968354836,8.45521496227759e-5,0.002510517617946403,9572,NR1D1,17,40092787,40100725,-1,protein_coding,nuclear receptor subfamily 1 group D member 1 [Source:HGNC Symbol;Acc:HGNC:7962]
ENSG00000100097,20.62833347542198,1.2212664393569428,0.32194647529600157,4.8562275773258465e-6,2.3768957634333148e-4,3956,LGALS1,22,37675608,37679806,1,protein_coding,galectin 1 [Source:HGNC Symbol;Acc:HGNC:6561]
ENSG00000204528,2.0014506625116066,1.4507197662647664,1.0297655389844353,2.5705590635497806e-4,0.005630962424174607,100130889,PSORS1C3,6,31173735,31177899,-1,sense_intronic,psoriasis susceptibility 1 candidate 3 (non-protein coding) [Source:HGNC Symbol;Acc:HGNC:17203]
ENSG00000102837,44.79130335497228,1.827165982140476,0.37468684692468274,2.2119125576140197e-9,3.149461857602689e-7,10562,OLFM4,13,53028759,53052057,1,protein_coding,olfactomedin 4 [Source:HGNC Symbol;Acc:HGNC:17190]
ENSG00000167106,25.298817134221764,1.7272233321314718,0.3532983444191523,3.2034274899024996e-9,4.0958108620896246e-7,399665,FAM102A,9,127940579,127980513,-1,protein_coding,family with sequence similarity 102 member A [Source:HGNC Symbol;Acc:HGNC:31419]
ENSG00000153292,22.44990598727171,-1.56082411135071,0.3068419349081418,2.560995420691591e-9,3.48796441535496e-7,266977,ADGRF1,6,46997703,47042363,-1,protein_coding,adhesion G protein-coupled receptor F1 [Source:HGNC Symbol;Acc:HGNC:18990]
ENSG00000117448,3.9852301372584518,-1.4856424937514119,0.6875565004287157,1.3910252333653193e-4,0.0035374925588736042,10327,AKR1A1,1,45550543,45570049,1,protein_coding,aldo-keto reductase family 1 member A1 [Source:HGNC Symbol;Acc:HGNC:380]
ENSG00000147883,9.466734977702405,2.664069530375032,0.7636915044552233,1.3972078640183333e-7,1.2157648983437303e-5,1030,CDKN2B,9,22002903,22009363,-1,protein_coding,cyclin dependent kinase inhibitor 2B [Source:HGNC Symbol;Acc:HGNC:1788]
ENSG00000169903,49.36644316224547,-1.4516557642684547,0.34054953602351795,2.241337708117106e-7,1.8236338625134633e-5,7104,TM4SF4,3,149473974,149503281,1,protein_coding,transmembrane 4 L six family member 4 [Source:HGNC Symbol;Acc:HGNC:11856]
ENSG00000112699,3.895588067294614,-2.2634302078385096,0.8063783178102487,2.372666839423398e-6,1.3272105133024635e-4,2762,GMDS,6,1623806,2245692,-1,protein_coding,"GDP-mannose 4,6-dehydratase [Source:HGNC Symbol;Acc:HGNC:4369]"
ENSG00000248527,17.61412272541359,-1.096891650535563,0.4357398723202713,4.559586434579596e-4,0.008803972302308005,NA,MTATP6P1,1,633696,634376,1,unprocessed_pseudogene,mitochondrially encoded ATP synthase 6 pseudogene 1 [Source:HGNC Symbol;Acc:HGNC:44575]
ENSG00000181634,5.256115338130936,1.8459968259003239,1.070837257853011,5.848899414343866e-5,0.0018986194212883066,9966,TNFSF15,9,114784635,114806126,-1,protein_coding,TNF superfamily member 15 [Source:HGNC Symbol;Acc:HGNC:11931]
ENSG00000162413,17.02260885665085,2.4187679030291225,0.5693159746495234,8.869900815084043e-9,9.923201536875273e-7,9903,KLHL21,1,6590724,6614607,-1,protein_coding,kelch like family member 21 [Source:HGNC Symbol;Acc:HGNC:29041]
ENSG00000196188,23.51083496217028,-1.4836573662267531,0.3096342908566613,1.6607462812697864e-8,1.7938923193371056e-6,1510,CTSE,1,206009264,206023909,-1,protein_coding,cathepsin E [Source:HGNC Symbol;Acc:HGNC:2530]
ENSG00000170312,2.8514408948870678,-1.437004541715646,0.7426264296408075,2.4141446787765276e-4,0.005361903774066581,983,CDK1,10,60778331,60794852,1,protein_coding,cyclin dependent kinase 1 [Source:HGNC Symbol;Acc:HGNC:1722]
ENSG00000072682,23.755424607577677,1.8098637794290064,0.3423167819193712,2.794892420243868e-10,4.7324327061696843e-8,8974,P4HA2,5,132191838,132295315,-1,protein_coding,prolyl 4-hydroxylase subunit alpha 2 [Source:HGNC Symbol;Acc:HGNC:8547]
ENSG00000124762,29.046974313817703,1.4765800552317594,0.4207320897331978,3.854561327857591e-6,1.9474860257280487e-4,1026,CDKN1A,6,36676460,36687339,1,protein_coding,cyclin dependent kinase inhibitor 1A [Source:HGNC Symbol;Acc:HGNC:1784]
ENSG00000163082,42.470642541006896,1.5507808331690158,0.248034397521587,3.201460469618621e-12,9.551023734362217e-10,130367,SGPP2,2,222424517,222560948,1,protein_coding,sphingosine-1-phosphate phosphatase 2 [Source:HGNC Symbol;Acc:HGNC:19953]
ENSG00000139725,21.662272773950612,1.080385114927713,0.2865320007320666,1.0534160996688867e-5,4.551484044431431e-4,54509,RHOF,12,121777754,121803403,-1,protein_coding,"ras homolog family member F, filopodia associated [Source:HGNC Symbol;Acc:HGNC:15703]"
ENSG00000159840,11.137456016968015,1.222222185955891,0.4080812755898323,7.120137014927431e-5,0.0022082999207188292,7791,ZYX,7,143381080,143391111,1,protein_coding,zyxin [Source:HGNC Symbol;Acc:HGNC:13200]
ENSG00000134070,10.35121517871183,1.3038985992272139,0.46738711479593975,8.294944193727045e-5,0.0024746583511285683,3656,IRAK2,3,10164865,10243743,1,protein_coding,interleukin 1 receptor associated kinase 2 [Source:HGNC Symbol;Acc:HGNC:6113]
ENSG00000054654,12.319309155933286,1.03973244229512,0.36859325615188965,2.857854166462134e-4,0.006110735956616133,23224,SYNE2,14,63852983,64226433,1,protein_coding,spectrin repeat containing nuclear envelope protein 2 [Source:HGNC Symbol;Acc:HGNC:17084]
ENSG00000078804,11.148731222583569,1.390133450836074,0.5262530113582582,7.88486920520127e-5,0.0023864108971297566,58476,TP53INP2,20,34704290,34713439,1,protein_coding,tumor protein p53 inducible nuclear protein 2 [Source:HGNC Symbol;Acc:HGNC:16104]
ENSG00000135919,9.604351211424673,1.4036359616928047,0.5196550475962863,6.379151042663385e-5,0.0020083106172003066,5270,SERPINE2,2,223975112,224039319,-1,protein_coding,serpin family E member 2 [Source:HGNC Symbol;Acc:HGNC:8951]
ENSG00000117394,32.74914720994383,1.5257787975966495,0.2902470469729069,1.2404560757281955e-9,1.8073156545202664e-7,6513,SLC2A1,1,42925375,42959173,-1,protein_coding,solute carrier family 2 member 1 [Source:HGNC Symbol;Acc:HGNC:11005]
ENSG00000106541,123.95010592666272,-1.402430445481112,0.21298725405734,7.707872128509522e-13,2.558669394734444e-10,10551,AGR2,7,16791811,16833433,-1,protein_coding,"anterior gradient 2, protein disulphide isomerase family member [Source:HGNC Symbol;Acc:HGNC:328]"
ENSG00000163209,7.84033926658075,-3.382615635091355,0.645633484775525,9.967304732180552e-11,1.858603996768611e-8,6707,SPRR3,1,153001747,153003856,1,protein_coding,small proline rich protein 3 [Source:HGNC Symbol;Acc:HGNC:11268]
ENSG00000196975,91.93177928528895,-1.0278984339888084,0.1772482530425029,6.431088028111949e-10,1.0330965768236247e-7,307,ANXA4,2,69644425,69827100,1,protein_coding,annexin A4 [Source:HGNC Symbol;Acc:HGNC:542]
ENSG00000170515,8.045061069806883,-1.1450472700057557,0.3716141593942774,8.135815531019479e-5,0.002450523283742165,5036,PA2G4,12,56104319,56113907,1,protein_coding,proliferation-associated 2G4 [Source:HGNC Symbol;Acc:HGNC:8550]
ENSG00000162366,32.609912502415675,-1.0779565770127861,0.25978028262533587,2.3033571952486064e-6,1.3000480025434703e-4,10158,PDZK1IP1,1,47183593,47191044,-1,protein_coding,PDZK1 interacting protein 1 [Source:HGNC Symbol;Acc:HGNC:16887]
ENSG00000075391,2.6321511946944947,1.6830183685382012,1.0543632308910735,1.0880265865155621e-4,0.0029255307143862645,9462,RASAL2,1,178094141,178484147,1,protein_coding,RAS protein activator like 2 [Source:HGNC Symbol;Acc:HGNC:9874]
ENSG00000163735,176.27027733994922,-1.105427063352199,0.2091055442423974,8.32309802491697e-9,9.597103966620637e-7,6374,CXCL5,4,73995642,73998779,-1,protein_coding,C-X-C motif chemokine ligand 5 [Source:HGNC Symbol;Acc:HGNC:10642]
ENSG00000107159,4.975060112132015,1.445683767246432,0.5956918723319075,9.915266849496398e-5,0.0027981597663105824,768,CA9,9,35673856,35681159,1,protein_coding,carbonic anhydrase 9 [Source:HGNC Symbol;Acc:HGNC:1383]
ENSG00000104419,163.50725517273008,3.5620362494557862,0.2250530634071309,1.3455905326643139e-58,8.430124687141926e-55,10397,NDRG1,8,133237171,133302022,-1,protein_coding,N-myc downstream regulated 1 [Source:HGNC Symbol;Acc:HGNC:7679]
ENSG00000198938,164.35930127091032,-1.0982715808603734,0.44842603278753396,5.260543186962251e-4,0.009608543168022886,4514,MT-CO3,MT,9207,9990,1,protein_coding,mitochondrially encoded cytochrome c oxidase III [Source:HGNC Symbol;Acc:HGNC:7422]
ENSG00000127947,7.815569448971718,1.394378046051948,0.537811669233451,8.684573619772458e-5,0.002554406278303965,5782,PTPN12,7,77537275,77640071,1,protein_coding,"protein tyrosine phosphatase, non-receptor type 12 [Source:HGNC Symbol;Acc:HGNC:9645]"
ENSG00000177283,4.540690913008443,1.634691160219546,0.7998878650636669,9.164523268969292e-5,0.0026458865566862957,8325,FZD8,10,35638249,35642278,-1,protein_coding,frizzled class receptor 8 [Source:HGNC Symbol;Acc:HGNC:4046]
ENSG00000163297,6.4086320475888945,1.339321800970807,0.5171342146240729,1.1416362083702194e-4,0.0030514455293936906,118429,ANTXR2,4,79901149,80125454,-1,protein_coding,anthrax toxin receptor 2 [Source:HGNC Symbol;Acc:HGNC:21732]
ENSG00000146112,6.24806213642212,1.30819486840782,0.5652009961200725,2.39429430676688e-4,0.005338168623450001,170954,PPP1R18,6,30676389,30687895,-1,protein_coding,protein phosphatase 1 regulatory subunit 18 [Source:HGNC Symbol;Acc:HGNC:29413]
ENSG00000120694,37.76931115280264,1.2639219507627462,0.30037804047900774,7.283300746837103e-7,5.014272437245543e-5,10808,HSPH1,13,31134974,31162388,-1,protein_coding,heat shock protein family H (Hsp110) member 1 [Source:HGNC Symbol;Acc:HGNC:16969]
ENSG00000141441,13.935791897637815,1.1147081025460122,0.3631442407698256,9.789494146592275e-5,0.002775166553321294,64762,GAREM1,18,32124877,32470484,-1,protein_coding,GRB2 associated regulator of MAPK1 subtype 1 [Source:HGNC Symbol;Acc:HGNC:26136]
ENSG00000118816,20.128789018673288,1.2448562873330862,0.3184203657139844,2.7442542917760508e-6,1.4694660801689707e-4,10983,CCNI,4,77047158,77076005,-1,protein_coding,cyclin I [Source:HGNC Symbol;Acc:HGNC:1595]
ENSG00000152952,41.23813530262969,1.8946797469270873,0.3011668018671251,5.163426194137219e-13,2.0218040691418547e-10,5352,PLOD2,3,146069440,146163653,-1,protein_coding,"procollagen-lysine,2-oxoglutarate 5-dioxygenase 2 [Source:HGNC Symbol;Acc:HGNC:9082]"
ENSG00000116514,8.170170635135886,1.65260743430968,0.5941078744576404,1.6915695531114663e-5,6.972160033054827e-4,127544,RNF19B,1,32936445,32964685,-1,protein_coding,ring finger protein 19B [Source:HGNC Symbol;Acc:HGNC:26886]
ENSG00000146678,37.59306767781764,2.106525498061752,0.6149728411890799,4.5712920710876867e-7,3.409422003019566e-5,3484,IGFBP1,7,45888357,45893668,1,protein_coding,insulin like growth factor binding protein 1 [Source:HGNC Symbol;Acc:HGNC:5469]
ENSG00000198840,26.742010387996086,-1.3775537107689262,0.37843159092739964,3.935704412839128e-6,1.9569196941616776e-4,4537,MT-ND3,MT,10059,10404,1,protein_coding,mitochondrially encoded NADH:ubiquinone oxidoreductase core subunit 3 [Source:HGNC Symbol;Acc:HGNC:7458]
ENSG00000167088,4.72032642143962,-1.208575901214092,0.4901019781821312,2.896062385485072e-4,0.006129672582791884,6632,SNRPD1,18,21612267,21633524,1,protein_coding,small nuclear ribonucleoprotein D1 polypeptide [Source:HGNC Symbol;Acc:HGNC:11158]
ENSG00000105329,15.435225646376589,2.783531957921446,0.532045657707248,6.581827965867699e-11,1.421901800212453e-8,7040,TGFB1,19,41301587,41353911,-1,protein_coding,transforming growth factor beta 1 [Source:HGNC Symbol;Acc:HGNC:11766]
ENSG00000138166,15.830158454990244,1.0649789983481401,0.4111667205380002,4.5223743231632437e-4,0.008771726047869265,1847,DUSP5,10,110497838,110511544,1,protein_coding,dual specificity phosphatase 5 [Source:HGNC Symbol;Acc:HGNC:3071]
ENSG00000128422,68.54037062927381,2.510326283323583,0.33679996558209574,3.7203230970836914e-17,2.913478025403666e-14,3872,KRT17,17,41619437,41624842,-1,protein_coding,keratin 17 [Source:HGNC Symbol;Acc:HGNC:6427]
ENSG00000131475,5.116160180671341,-1.1701219304813646,0.5009502726089252,4.6008626487002415e-4,0.008803972302308005,84313,VPS25,17,42773436,42779599,1,protein_coding,vacuolar protein sorting 25 homolog [Source:HGNC Symbol;Acc:HGNC:28122]
ENSG00000183696,11.667424277012751,1.15209201365543,0.4934243514706177,5.054687447804053e-4,0.009314004958968352,7378,UPP1,7,48088628,48108733,1,protein_coding,uridine phosphorylase 1 [Source:HGNC Symbol;Acc:HGNC:12576]
ENSG00000163121,7.391693598353597,1.5395781375614392,0.7525386020343137,1.3350368819670105e-4,0.0034419778047421073,93082,NEURL3,2,96497643,96508109,-1,protein_coding,neuralized E3 ubiquitin protein ligase 3 [Source:HGNC Symbol;Acc:HGNC:25162]
ENSG00000147065,35.73810930878572,1.0074126339374998,0.30372145609746964,7.508537263959106e-5,0.0022946822418879903,4478,MSN,X,65588377,65741931,1,protein_coding,moesin [Source:HGNC Symbol;Acc:HGNC:7373]
ENSG00000141664,10.573763828635121,1.1159701349823472,0.388275506740066,1.7013064420460215e-4,0.004179876415458167,54877,ZCCHC2,18,62523007,62587709,1,protein_coding,zinc finger CCHC-type containing 2 [Source:HGNC Symbol;Acc:HGNC:22916]
ENSG00000160181,4.356137146840148,-1.2744784870005441,0.5737296357838954,3.357541501617499e-4,0.0068967204943061085,7032,TFF2,21,42346357,42351128,-1,protein_coding,trefoil factor 2 [Source:HGNC Symbol;Acc:HGNC:11756]
ENSG00000114770,6.1557007744528836,1.4407479491692108,0.7069668953151294,2.0634543384229762e-4,0.004787978307488869,10057,ABCC5,3,183919934,184018015,-1,protein_coding,ATP binding cassette subfamily C member 5 [Source:HGNC Symbol;Acc:HGNC:56]
ENSG00000114796,11.607024213984799,1.7514758063731954,0.4864546897459963,7.972185663388908e-7,5.253467908181819e-5,54800,KLHL24,3,183635568,183684477,1,protein_coding,kelch like family member 24 [Source:HGNC Symbol;Acc:HGNC:25947]
ENSG00000126602,6.31866801294033,-1.155714795001017,0.43438440431858555,2.4220570918768433e-4,0.005361903774066581,10131,TRAP1,16,3651639,3717597,-1,protein_coding,TNF receptor associated protein 1 [Source:HGNC Symbol;Acc:HGNC:16264]
ENSG00000116016,11.813943659880287,1.20166566412985,0.38931941386844343,6.0344121374948324e-5,0.0019337115452711074,2034,EPAS1,2,46293667,46386703,1,protein_coding,endothelial PAS domain protein 1 [Source:HGNC Symbol;Acc:HGNC:3374]
ENSG00000140835,7.596491791959232,-1.3216503017367458,0.44638193339272864,4.764577810227726e-5,0.0016048430097353064,10164,CHST4,16,71525233,71538746,1,protein_coding,carbohydrate sulfotransferase 4 [Source:HGNC Symbol;Acc:HGNC:1972]
ENSG00000151914,15.811518925795669,1.0357179111300188,0.3254099609832812,1.0139708925057554e-4,0.0028405549879778128,667,DST,6,56457987,56954628,-1,protein_coding,dystonin [Source:HGNC Symbol;Acc:HGNC:1090]
ENSG00000163659,13.717568382906881,1.076672210572668,0.39952878486116505,3.306646877321843e-4,0.0068145206205333375,25976,TIPARP,3,156673235,156706770,1,protein_coding,TCDD inducible poly(ADP-ribose) polymerase [Source:HGNC Symbol;Acc:HGNC:23696]
ENSG00000165650,9.720280225771047,1.475783753103222,0.49699640976650494,2.1916190860757274e-5,8.635530549851845e-4,118987,PDZD8,10,117277274,117375467,-1,protein_coding,PDZ domain containing 8 [Source:HGNC Symbol;Acc:HGNC:26974]
ENSG00000168003,41.69348968894249,1.309129018266178,0.34481223821103446,3.0872073879112385e-6,1.6117795237719924e-4,6520,SLC3A2,11,62856102,62888875,1,protein_coding,solute carrier family 3 member 2 [Source:HGNC Symbol;Acc:HGNC:11026]
ENSG00000163602,7.849308322163314,1.1897293535096893,0.5290654360654693,4.903284433282577e-4,0.00908848431198679,NA,RYBP,3,72371825,72446621,-1,protein_coding,RING1 and YY1 binding protein [Source:HGNC Symbol;Acc:HGNC:10480]
ENSG00000137628,3.7321191108275342,-1.6265779522192476,0.7933152813814008,9.358360923842538e-5,0.0026650059630851587,55601,DDX60,4,168216293,168318807,-1,protein_coding,DExD/H-box helicase 60 [Source:HGNC Symbol;Acc:HGNC:25942]
ENSG00000110721,6.235617918708474,1.338509927305303,0.6697695536277981,3.489420219846697e-4,0.007097797947188168,1119,CHKA,11,68052859,68121444,-1,protein_coding,choline kinase alpha [Source:HGNC Symbol;Acc:HGNC:1937]
ENSG00000080573,9.032351066567756,2.308170610496196,0.7575878054707929,1.0478106972389934e-6,6.63084244262858e-5,50509,COL5A3,19,9959561,10010471,-1,protein_coding,collagen type V alpha 3 chain [Source:HGNC Symbol;Acc:HGNC:14864]
ENSG00000112715,99.67746318618892,2.10627092625503,0.20466284795484013,6.1830936288715865e-28,9.6842703962201215e-25,7422,VEGFA,6,43770184,43786487,1,protein_coding,vascular endothelial growth factor A [Source:HGNC Symbol;Acc:HGNC:12680]
ENSG00000077782,5.10833302088538,1.2701052468717071,0.6646060922779843,5.422868821164129e-4,0.009772039509210257,2260,FGFR1,8,38411138,38468834,-1,protein_coding,fibroblast growth factor receptor 1 [Source:HGNC Symbol;Acc:HGNC:3688]
ENSG00000155090,5.987066371700588,1.456493016222586,0.6517405656178568,1.385671306893439e-4,0.0035374925588736042,7071,KLF10,8,102648779,102655902,-1,protein_coding,Kruppel like factor 10 [Source:HGNC Symbol;Acc:HGNC:11810]
ENSG00000185627,7.688720376282756,-1.1442134528111878,0.38315927592640175,1.0797130541647534e-4,0.0029255307143862645,5719,PSMD13,11,236546,252984,1,protein_coding,"proteasome 26S subunit, non-ATPase 13 [Source:HGNC Symbol;Acc:HGNC:9558]"
ENSG00000116285,36.01970639762124,1.8002426979018396,0.3217677846061593,5.248162361115018e-11,1.1742763282994853e-8,54206,ERRFI1,1,8004404,8026308,-1,protein_coding,ERBB receptor feedback inhibitor 1 [Source:HGNC Symbol;Acc:HGNC:18185]
ENSG00000186480,15.760673236999118,1.1339687139494674,0.42693618818969903,2.7326361765878495e-4,0.005944432516084332,3638,INSIG1,7,155297776,155310235,1,protein_coding,insulin induced gene 1 [Source:HGNC Symbol;Acc:HGNC:6083]
ENSG00000169223,24.557115021542163,-1.0280821910783788,0.2535758596482171,4.324283981255488e-6,2.1331999324854828e-4,10960,LMAN2,5,177331562,177351852,-1,protein_coding,"lectin, mannose binding 2 [Source:HGNC Symbol;Acc:HGNC:16986]"
ENSG00000173334,19.887304603316526,1.5010681396188286,0.423300124878246,3.00616331335685e-6,1.5826565679143416e-4,10221,TRIB1,8,125430321,125438405,1,protein_coding,tribbles pseudokinase 1 [Source:HGNC Symbol;Acc:HGNC:16891]
ENSG00000164327,3.7990503993228057,2.146172018569225,1.1293316265462918,1.9422084928405445e-5,7.84697647443693e-4,253260,RICTOR,5,38937919,39074408,-1,protein_coding,RPTOR independent companion of MTOR complex 2 [Source:HGNC Symbol;Acc:HGNC:28611]
ENSG00000196754,7.2492067988731055,1.9607010253463482,0.6430711772145298,2.50466976945355e-6,1.3764698338268852e-4,6273,S100A2,1,153561108,153567890,-1,protein_coding,S100 calcium binding protein A2 [Source:HGNC Symbol;Acc:HGNC:10492]
ENSG00000173991,12.82564017511415,1.7459492635278717,0.4591474341175556,3.776503392946337e-7,2.885340702049854e-5,8557,TCAP,17,39664187,39666555,1,protein_coding,titin-cap [Source:HGNC Symbol;Acc:HGNC:11610]
ENSG00000196542,19.204353841957623,1.154012135215637,0.3247546840592076,1.6482764265862028e-5,6.930504572189638e-4,165679,SPTSSB,3,161344792,161372880,-1,protein_coding,serine palmitoyltransferase small subunit B [Source:HGNC Symbol;Acc:HGNC:24045]
ENSG00000085662,46.35420279190537,1.7166389611834445,0.7326757788171806,3.856893823047419e-5,0.0013729227159881862,231,AKR1B1,7,134442350,134459284,-1,protein_coding,aldo-keto reductase family 1 member B [Source:HGNC Symbol;Acc:HGNC:381]
ENSG00000005339,11.987578927518213,1.3812478955449528,0.39210124793827494,5.894967461047277e-6,2.73570156618231e-4,1387,CREBBP,16,3725054,3880726,-1,protein_coding,CREB binding protein [Source:HGNC Symbol;Acc:HGNC:2348]
ENSG00000184164,4.709159138032846,-1.1614684531244222,0.4851404173226896,4.2793750979844405e-4,0.008378214059022662,79174,CRELD2,22,49918167,49927540,1,protein_coding,cysteine rich with EGF like domains 2 [Source:HGNC Symbol;Acc:HGNC:28150]
ENSG00000090339,42.66940019528985,1.5209456797622842,0.4013413181763215,1.106064226849144e-6,6.860883545752364e-5,3383,ICAM1,19,10270835,10286615,1,protein_coding,intercellular adhesion molecule 1 [Source:HGNC Symbol;Acc:HGNC:5344]
ENSG00000122861,8.199779358098239,-1.3853354314091941,0.4808642278888451,4.344987803087735e-5,0.001495678493755201,5328,PLAU,10,73909177,73917497,1,protein_coding,"plasminogen activator, urokinase [Source:HGNC Symbol;Acc:HGNC:9052]"
ENSG00000141738,279.8998634740082,1.5508763176446445,0.20063912990268798,8.961929024846908e-17,6.238498371185098e-14,2886,GRB7,17,39737927,39747291,1,protein_coding,growth factor receptor bound protein 7 [Source:HGNC Symbol;Acc:HGNC:4567]
ENSG00000159167,18.724250745548925,1.2043480763794978,0.32768201056471213,8.246640622733811e-6,3.6903716786733804e-4,6781,STC1,8,23841915,23854807,-1,protein_coding,stanniocalcin 1 [Source:HGNC Symbol;Acc:HGNC:11373]
ENSG00000133639,44.45381571968023,1.0266180088334063,0.201930681839869,3.4761512845753425e-8,3.5125948061071806e-6,694,BTG1,12,92140278,92145897,-1,protein_coding,BTG anti-proliferation factor 1 [Source:HGNC Symbol;Acc:HGNC:1130]
ENSG00000167772,15.12335483351273,3.5049218496229972,0.5633284719806146,6.020702661693039e-13,2.2188060103239344e-10,51129,ANGPTL4,19,8363289,8374373,1,protein_coding,angiopoietin like 4 [Source:HGNC Symbol;Acc:HGNC:16039]
ENSG00000142156,18.43160137730432,1.5156711706933148,0.38965394682045346,7.678710957278951e-7,5.2290352334078934e-5,1291,COL6A1,21,45981737,46005050,1,protein_coding,collagen type VI alpha 1 chain [Source:HGNC Symbol;Acc:HGNC:2211]
ENSG00000188042,8.767415780400968,2.331928747184672,0.6415861883547883,1.2777457560684965e-7,1.1274756565872014e-5,10123,ARL4C,2,234493041,234497053,-1,protein_coding,ADP ribosylation factor like GTPase 4C [Source:HGNC Symbol;Acc:HGNC:698]
ENSG00000173110,4.99025340177851,1.9798611413426634,1.130781762906349,3.591315957770544e-5,0.0012930801422662331,3310,HSPA6,1,161524540,161526910,1,protein_coding,heat shock protein family A (Hsp70) member 6 [Source:HGNC Symbol;Acc:HGNC:5239]
ENSG00000136826,11.273816590726119,1.4427187544505575,0.5188765397995628,4.3162783704432104e-5,0.0014940046403771664,9314,KLF4,9,107484852,107490482,-1,protein_coding,Kruppel like factor 4 [Source:HGNC Symbol;Acc:HGNC:6348]
ENSG00000130826,5.062999899136118,-1.2729292885566326,0.5262816336319596,2.3145718323124335e-4,0.0051974166772177045,1736,DKC1,X,154762742,154777689,1,protein_coding,dyskerin pseudouridine synthase 1 [Source:HGNC Symbol;Acc:HGNC:2890]
ENSG00000140564,23.303129994449126,1.4513483077931808,0.3132459075111201,4.179723854413732e-8,4.091557804359692e-6,5045,FURIN,15,90868592,90883458,1,protein_coding,"furin, paired basic amino acid cleaving enzyme [Source:HGNC Symbol;Acc:HGNC:8568]"
ENSG00000173812,70.09648815372955,1.159249288553469,0.22552856716106673,1.412948306717457e-8,1.5530037090499769e-6,10209,EIF1,17,41688885,41692668,1,protein_coding,eukaryotic translation initiation factor 1 [Source:HGNC Symbol;Acc:HGNC:3249]
ENSG00000119922,3.709912592886,-1.313986499343657,0.627523142298429,3.415914712838237e-4,0.006993694665337109,3433,IFIT2,10,89283694,89309276,1,protein_coding,interferon induced protein with tetratricopeptide repeats 2 [Source:HGNC Symbol;Acc:HGNC:5409]
ENSG00000171940,16.244220735798706,1.297706200197571,0.35226437376112396,5.004563152754528e-6,2.4009046700496886e-4,7764,ZNF217,20,53567065,53609907,-1,protein_coding,zinc finger protein 217 [Source:HGNC Symbol;Acc:HGNC:13009]
ENSG00000100852,25.957849084421092,1.53716534972134,0.3506966518609776,8.635521496365167e-8,8.074857041004145e-6,394,ARHGAP5,14,32076114,32159728,1,protein_coding,Rho GTPase activating protein 5 [Source:HGNC Symbol;Acc:HGNC:675]
ENSG00000173166,14.891811625187833,1.5963255183493137,0.37611458375144435,1.1974663709507392e-7,1.0717324020009116e-5,65059,RAPH1,2,203394345,203535410,-1,protein_coding,Ras association (RalGDS/AF-6) and pleckstrin homology domains 1 [Source:HGNC Symbol;Acc:HGNC:14436]
ENSG00000161642,4.333308625987621,1.3955244735908972,0.929507745618604,3.660430980974457e-4,0.0073033758266894825,25946,ZNF385A,12,54369133,54391298,-1,protein_coding,zinc finger protein 385A [Source:HGNC Symbol;Acc:HGNC:17521]
ENSG00000128228,5.499280940663407,-1.5547421310482958,0.5581660555428045,2.5456140770214917e-5,9.726247569030833e-4,23753,SDF2L1,22,21642261,21644298,1,protein_coding,stromal cell derived factor 2 like 1 [Source:HGNC Symbol;Acc:HGNC:10676]
ENSG00000109814,24.44318160843086,2.5307111037154435,0.43074277264849037,1.6736534204564084e-12,5.242719339579699e-10,7358,UGDH,4,39498755,39528311,-1,protein_coding,UDP-glucose 6-dehydrogenase [Source:HGNC Symbol;Acc:HGNC:12525]
ENSG00000182704,11.384602370708341,1.2950789884495972,0.3871594712579222,1.668347203891498e-5,6.968130154920157e-4,25987,TSKU,11,76782251,76798154,1,protein_coding,"tsukushi, small leucine rich proteoglycan [Source:HGNC Symbol;Acc:HGNC:28850]"
ENSG00000140350,8.379791987228549,-1.0778520777108827,0.37446168661153917,2.0298275840624692e-4,0.004727460897454041,8125,ANP32A,15,68778535,68820897,-1,protein_coding,acidic nuclear phosphoprotein 32 family member A [Source:HGNC Symbol;Acc:HGNC:13233]
ENSG00000137817,5.184947420004119,1.2994819837363327,0.5806465777170638,2.881310565657803e-4,0.006129672582791884,56965,PARP6,15,72241181,72272999,-1,protein_coding,poly(ADP-ribose) polymerase family member 6 [Source:HGNC Symbol;Acc:HGNC:26921]
ENSG00000188910,8.39819800506643,1.592790297375249,0.6437698918545418,4.68933106957649e-5,0.0015880356297782003,2707,GJB3,1,34781189,34786369,1,protein_coding,gap junction protein beta 3 [Source:HGNC Symbol;Acc:HGNC:4285]
ENSG00000168209,50.560776436872615,1.0886857921351005,0.23038163884387314,1.5946052188979205e-7,1.3320268928527296e-5,54541,DDIT4,10,72273920,72276036,1,protein_coding,DNA damage inducible transcript 4 [Source:HGNC Symbol;Acc:HGNC:24944]
ENSG00000108244,47.66190145202233,-1.2893463927161646,0.2519112227380723,8.425230936378853e-9,9.597103966620637e-7,25984,KRT23,17,40922696,40937634,-1,protein_coding,keratin 23 [Source:HGNC Symbol;Acc:HGNC:6438]
ENSG00000198743,18.6749110819141,3.3755212439922446,0.5486392840417184,7.759731604142767e-13,2.558669394734444e-10,6526,SLC5A3,21,34073570,34106262,1,protein_coding,solute carrier family 5 member 3 [Source:HGNC Symbol;Acc:HGNC:11038]
ENSG00000183779,4.20884668797538,1.4218165408361174,1.0081482293444084,2.9654973973398214e-4,0.006255502085634337,80139,ZNF703,8,37695751,37700021,1,protein_coding,zinc finger protein 703 [Source:HGNC Symbol;Acc:HGNC:25883]
ENSG00000153048,22.9323617024391,1.1789798319349027,0.30210279763916514,3.9095921284814654e-6,1.9569196941616776e-4,23589,CARHSP1,16,8852942,8869012,-1,protein_coding,calcium regulated heat stable protein 1 [Source:HGNC Symbol;Acc:HGNC:17150]
ENSG00000129103,13.427080830499879,-1.3734804197941906,0.3302773476669948,5.182287836886184e-7,3.7752364300106913e-5,25870,SUMF2,7,56064002,56080670,1,protein_coding,sulfatase modifying factor 2 [Source:HGNC Symbol;Acc:HGNC:20415]
ENSG00000214944,5.420393004809454,1.7219257987537222,0.7292091521613112,3.635178900545669e-5,0.0013013940463953494,64283,ARHGEF28,5,73626158,73941993,1,protein_coding,Rho guanine nucleotide exchange factor 28 [Source:HGNC Symbol;Acc:HGNC:30322]
ENSG00000198763,97.66742840742309,-1.0320163186048064,0.28920108967190666,2.8036403302227806e-5,0.0010645337375058013,4536,MT-ND2,MT,4470,5511,1,protein_coding,mitochondrially encoded NADH:ubiquinone oxidoreductase core subunit 2 [Source:HGNC Symbol;Acc:HGNC:7456]
ENSG00000197249,545.563982365069,1.6841790413800857,0.2524638514474605,1.067873480061476e-13,4.778733823275105e-11,5265,SERPINA1,14,94376747,94390693,-1,protein_coding,serpin family A member 1 [Source:HGNC Symbol;Acc:HGNC:8941]
ENSG00000131711,11.934415118630167,2.7204524240766554,0.575298022769476,8.041687072842581e-10,1.228809012472165e-7,4131,MAP1B,5,72107234,72209570,1,protein_coding,microtubule associated protein 1B [Source:HGNC Symbol;Acc:HGNC:6836]
ENSG00000118523,16.101522648104922,1.5549023454465662,0.43471582395976544,2.0812638910223056e-6,1.1962493832343802e-4,1490,CTGF,6,131948176,131951373,-1,protein_coding,connective tissue growth factor [Source:HGNC Symbol;Acc:HGNC:2500]
ENSG00000154153,9.12946945444849,2.460842208642067,0.6496144883471628,5.77697802352591e-8,5.483752623846944e-6,54463,RETREG1,5,16473038,16617058,-1,protein_coding,reticulophagy regulator 1 [Source:HGNC Symbol;Acc:HGNC:25964]
ENSG00000181788,10.486241477469823,1.4039115197680134,0.46783261299168327,2.8277064735872997e-5,0.0010672036781340022,6478,SIAH2,3,150741127,150763477,-1,protein_coding,siah E3 ubiquitin protein ligase 2 [Source:HGNC Symbol;Acc:HGNC:10858]
ENSG00000170525,24.69308009370052,1.1278311043802354,0.27910358532820567,2.865018239377929e-6,1.5211304465849768e-4,5209,PFKFB3,10,6144934,6254644,1,protein_coding,"6-phosphofructo-2-kinase/fructose-2,6-biphosphatase 3 [Source:HGNC Symbol;Acc:HGNC:8874]"
ENSG00000103044,7.263606589155812,1.644369065939673,0.7484115117909902,6.79052412890993e-5,0.0021165489386875975,3038,HAS3,16,69105564,69118719,1,protein_coding,hyaluronan synthase 3 [Source:HGNC Symbol;Acc:HGNC:4820]
ENSG00000260032,27.011538745949686,-1.1608289503207943,0.24850142375886672,1.4747234503205603e-7,1.2485327589538258e-5,647979,NORAD,20,36045622,36050960,-1,lincRNA,non-coding RNA activated by DNA damage [Source:HGNC Symbol;Acc:HGNC:44311]
ENSG00000096696,16.45621659568696,1.2928313875846225,0.31599508080486244,1.0308209931587344e-6,6.58989134912191e-5,1832,DSP,6,7541575,7586717,1,protein_coding,desmoplakin [Source:HGNC Symbol;Acc:HGNC:3052]
ENSG00000102317,12.635779622904115,-1.2831511325229303,0.31518752081381335,1.176878172710428e-6,7.15839005051537e-5,5935,RBM3,X,48574449,48579066,1,protein_coding,"RNA binding motif (RNP1, RRM) protein 3 [Source:HGNC Symbol;Acc:HGNC:9900]"
ENSG00000075420,37.018880019465705,1.1619300714587584,0.2298599406966411,2.1750946584332154e-8,2.2711613391806823e-6,64778,FNDC3B,3,172039628,172401665,1,protein_coding,fibronectin type III domain containing 3B [Source:HGNC Symbol;Acc:HGNC:24670]
ENSG00000108262,7.644672723927452,1.647115335638666,0.5564568750643037,1.0435074083178686e-5,4.539981884105171e-4,28964,GIT1,17,29573469,29594054,-1,protein_coding,GIT ArfGAP 1 [Source:HGNC Symbol;Acc:HGNC:4272]
ENSG00000196260,8.034155218641402,-1.3936736662155185,0.4635841064686658,2.9266595602478328e-5,0.0010942803374089413,389376,SFTA2,6,30931353,30955636,-1,protein_coding,surfactant associated 2 [Source:HGNC Symbol;Acc:HGNC:18386]
ENSG00000169242,24.10772989600396,1.761421732669628,0.31968694383182006,1.008659790744338e-10,1.858603996768611e-8,1942,EFNA1,1,155127460,155134857,1,protein_coding,ephrin A1 [Source:HGNC Symbol;Acc:HGNC:3221]
ENSG00000065526,9.00393764120905,1.3684065588530774,0.5552448996896342,1.315050266482187e-4,0.0034087031456469788,23013,SPEN,1,15847864,15940460,1,protein_coding,spen family transcriptional repressor [Source:HGNC Symbol;Acc:HGNC:17575]
